ext_id,lat,lon,type,name
93417875,59.913902,10.734102,npc,1/2 egg
91445205,59.886854,10.528854,npc,22 juli mark
90288257,59.952990,11.07699,npc,25 Km Fra Oslo
91250644,59.932345,10.796745,npc,3 Kuler
90353911,59.904801,10.740301,dungeon,4 Tommers Stål Posisjonskanon Modell 1871 Fra Armstrong Fabrikker
92012253,59.941854,10.888854,special,623 Km til Nidaros
92460648,59.902615,10.699415,npc,90's 14. 12.1911
91032282,59.930446,10.472946,npc,A Black Lady
92391969,59.912699,10.758599,npc,A round around a round around
90354145,59.926502,10.753202,special,Aamodt Bro
91310121,59.925169,10.552169,dungeon,Aasterud fotballbane
93396220,59.887821,10.815821,dungeon,Abildsø Gård
93472672,59.880839,10.820839,special,Abildsøveien ballplass
91612780,59.886956,10.855956,dungeon,Abstrakt Wallgrafitti
93834454,59.927888,10.764988,npc,After Party
90353500,59.909101,10.724601,dungeon,Aker Brygge Horse Head Fountain
92631239,59.934838,10.743838,dungeon,Aker Grensestein Nr 70
92426740,59.904979,10.627879,npc,Akerkvartalet Sand Volleyballbane
92426736,59.904319,10.625619,npc,Akerkvartalet statue A1
93483335,59.906941,10.736141,npc,Akershus Slott
91855775,59.915450,10.72145,npc,Aktiv Forvaltning
92327114,59.935948,10.802648,special,Aktivitetsparken på Lørenbanen
90354025,59.927982,10.750482,dungeon,Ale
93417947,59.904013,10.799813,npc,Alnastien Waypoints
93104840,59.896172,10.629172,dungeon,Alphabet Street
90843385,59.912609,10.751609,npc,Aluminiumstruktur
92432074,59.919274,10.724174,npc,Ambascitata d´Italia
92432133,59.922963,10.723763,npc,Ambassador Poland
90354591,59.894938,10.781938,special,Amundsen Ellsworth Nobiles Polekspedisjon
90352743,59.916256,10.694256,dungeon,Anker
93604795,59.943875,10.570875,dungeon,Ankerveien
93604792,59.945984,10.580984,dungeon,Ankerveien turveiviser
90843288,59.911110,10.76231,npc,Anne-May Nilsen
90828171,59.916353,10.712653,npc,Anno 1897
91219975,59.912286,10.709686,npc,Anno Dom 1896
90352658,59.919782,10.682782,dungeon,Ansikt
92316899,59.920945,10.706545,npc,Ansiktsornament i Frognerveien
90371675,59.944826,10.932826,special,Anton Tschudi
90354362,59.917830,10.77203,special,Apen på Kumlokket
91207604,59.912305,10.724605,npc,Arbeiderbolig
93614707,59.902177,10.778577,dungeon,Arctanderbyen
90656945,59.920356,10.582156,special,Arena Bekkestua
93479201,59.905244,10.753644,npc,Åreveggen
90425978,59.927112,10.651112,npc,Arkitekton
91855755,59.914631,10.727631,npc,Armless Woman
93315236,59.901938,11.056938,npc,Årnesseter
90354013,59.935899,10.750299,dungeon,Arthur Skjelderup
91803124,59.948003,10.821003,npc,Årvoll IL klubbhus
91838276,59.960133,11.046133,dungeon,Asbjørn Dørumsgard Byste
91009783,59.929294,10.880494,npc,Asken Lekeplass
92670784,59.849940,10.49294,dungeon,Asker ski & kajakk club
91657674,59.907089,10.722189,npc,Astrup Fearnley Museet
90824480,59.933802,10.764702,npc,Avantgarden
90352117,59.912908,10.547808,dungeon,Avløs Stasjon
93416655,59.945809,10.764509,special,Badebakken Ballplass
90399041,59.910104,10.502104,dungeon,Bærum Idrettspark
93630656,59.893857,10.583857,dungeon,Bærum Seilforening
91032565,59.938001,10.501701,special,Bærums Verk 1610
90338532,59.903466,10.776366,dungeon,Baglerstredet
92353956,59.929646,10.716446,npc,Baker Hansen 1861
93318666,59.934870,10.99787,dungeon,Bål
90366263,59.912007,10.634307,npc,Ball Tower
91447581,59.967060,10.89706,npc,Ballbinge
93406226,59.908226,10.579226,dungeon,Ballerud Ballbinge
92559725,59.918665,10.722765,npc,Ballet Girl Statue
92421722,59.909130,10.61993,npc,Balløkke Philip Pedersensvei
92070250,59.906863,10.718663,npc,Balls
90399034,59.908852,10.499852,dungeon,Ballspiller Bærum Idrettspark
91216131,59.908883,10.498883,npc,Ballspiller Mural@Bærum Idrettspark
90354747,59.969901,10.789901,dungeon,Bambi
90786783,59.945281,10.845981,dungeon,Bamsetrøst
90342925,59.971878,10.904878,special,Bånkallia Natur- og Kultursti
91172962,59.907686,10.547486,dungeon,Barn
90353869,59.937122,10.739422,dungeon,Barn med fisk
93526132,59.928835,10.727635,npc,Barratt Due misikkinstitutt
91182336,59.917297,10.519297,dungeon,Basalt lava - Ullernvulkanen
90353978,59.930594,10.743594,dungeon,Båt på Veggen
92517032,59.951938,11.049938,npc,Bauta for ute miljø
90996623,59.920050,10.55605,special,Bear with cubs
92260687,59.934190,10.67939,dungeon,Bears Playing on an Anchor
91657683,59.907160,10.72156,npc,Bedende Metal Man
93722947,59.882509,10.783709,dungeon,Bekkelaget Krigsminnesmerke
90336785,59.916737,10.588537,dungeon,Bekkestua bro
90972264,59.916964,10.587964,npc,Bekkestua Post
90336796,59.917506,10.589606,dungeon,Bekkestua stasjon
92393605,59.934986,10.827386,npc,Bekketrappa lekeplass
93230940,59.924849,10.978849,npc,Ben ut til siden
92291442,59.951107,10.745107,dungeon,Berg Station
92352351,59.950414,10.738114,dungeon,Bergbanen
90366425,59.867161,10.822161,dungeon,Bergkrystallen
90365895,59.915089,10.638489,npc,Berøring
90961037,59.913172,10.720072,npc,Bervens løkke
93604810,59.950823,10.558823,dungeon,Bestemors hus
92070507,59.920324,10.664124,npc,Bestun Stasjon
90338499,59.905238,10.768938,special,Betongrampa Graffiti
90398566,59.940984,10.897984,dungeon,Biblioteket på Furuset
90366287,59.911882,10.629982,npc,Big Foot
90540292,59.875506,10.483606,dungeon,Billingstad Gård
90540290,59.874900,10.4834,dungeon,Billingstad Railway Station
90972270,59.917382,10.587082,npc,Birdman Statue
90714652,59.926212,10.760212,npc,Birkelunden Føll
93395434,59.935099,10.938099,dungeon,Bjarne Betjent Mural
90383309,59.941692,10.813992,dungeon,Bjerke Musikkbinge
90448124,59.943039,10.763039,npc,Bjølsenhallen
92016055,59.941172,10.759172,npc,Bjølsenhelling Lekeplass
90236713,59.922558,10.709658,dungeon,Bjørn Med Valp Statue
91147373,59.887060,10.49706,dungeon,Bjørnegård Volleyballbane
91032531,59.895214,10.512914,dungeon,Bjørnen
92384387,59.889450,10.63055,dungeon,Bjørneunge
91279325,59.926256,10.633856,dungeon,Bjørnsletta Subway Station
90462768,59.929174,10.748774,npc,Bjørnunge
93609877,59.931958,10.967958,dungeon,Blåveis - Fjellhamar
92694801,59.888507,10.734707,dungeon,Bleikhuset Velhuset
90353178,59.940299,10.716099,dungeon,Blindern Station
91279414,59.891818,10.547818,npc,Blommenholm fyrlykt
92432131,59.922716,10.722916,npc,Blue Ladies
90365843,59.914904,10.635504,npc,Blue Sky
90366047,59.940452,10.798152,dungeon,Blue Tongued Fo
90828162,59.916818,10.707518,npc,Blue Tulip
93316079,59.930096,11.044096,dungeon,Blystadlia ballplass
93230887,59.925956,10.953956,special,BMX-bane Solheim
90366933,59.873821,10.839821,dungeon,Bogerud Gås
93566350,59.865836,10.796836,dungeon,Boktrykker Sceibler
91632784,59.912637,10.710937,special,Bølgen
93834427,59.915049,10.728749,npc,Bombeangrep
92541995,59.919057,10.669357,special,Bønn til visdom og lys
90352757,59.934696,10.695696,dungeon,Borgen Station
93230859,59.944148,10.953148,npc,Børn på vippe
92566046,59.932766,10.791966,npc,Børsteveien lekeplass
90295346,59.929525,10.770225,special,Boy Av Odd Hilt
93597564,59.918034,10.767334,npc,Bracket fungi on butternut
93141982,59.954971,11.041971,npc,Brandvoldboligen
92559318,59.923272,10.725772,npc,Brasserie Blanche
93194330,59.956182,11.000182,dungeon,Bråtejordet lekeplass
90407648,59.876078,10.863078,dungeon,Bråten Infosign
91881068,59.887339,10.801039,dungeon,Brattlikollen Metro
90176673,59.981005,10.864005,npc,Breisjøen
93259348,59.978023,10.854023,dungeon,Breisjøen og Ammerud p
92707986,59.968083,10.767083,dungeon,Brekke gård
90462712,59.929799,10.754599,npc,Brenna Arbeiderbolig
92121975,59.941498,10.820798,dungeon,Brobekk skolehage
90354647,59.882112,10.784112,dungeon,Brønnen Ved Holtet
91862276,59.907475,10.723175,npc,Bronse Høyttalere
91918566,59.856127,10.465127,npc,Brusetfaret Lekeplass
92717466,59.905331,10.822031,dungeon,Bryn Bedehus
90332552,59.920997,10.487997,dungeon,Bryn Kirke
90353987,59.960987,10.744987,dungeon,Bubbly White
92432115,59.920190,10.72289,npc,Buddy Bear
90366058,59.918492,10.801192,dungeon,Bulldog Sculpture
92484486,59.905160,10.68056,dungeon,Bur - Vest-Agder (1650)
92432048,59.920406,10.725606,npc,Butikken
91308101,59.932138,10.482138,npc,BVH klubbhus
90398757,59.911971,10.665871,dungeon,Bygdø Kongsgård Folkepark
92460371,59.906178,10.676378,npc,Bygdø Kongsgård Og Folkepark
90398745,59.909896,10.669096,dungeon,Bygdø Kongsgård og Folkepark Batteribakken
92523073,59.897986,10.686986,dungeon,Bygdøylund lekeplass
93152335,59.953969,11.042969,npc,Byparken Lillestrøm
90354218,59.927104,10.760204,special,Byste av Jack Johnsen
92665545,59.949114,11.003114,special,Byste av Nils Ihlen
90832388,59.909978,10.728178,npc,Byste på Stranden
93417831,59.916393,10.738893,npc,Café Amsterdam
91780043,59.916610,10.77841,special,Calte
92432094,59.918010,10.72781,npc,Camilla Collett
93336741,59.898095,10.828595,dungeon,Candy Cane in the Forest
90337361,59.899291,10.765491,dungeon,Cast Glances
90350580,59.915444,10.710444,dungeon,Cat on a Hot Tin Roof
92717537,59.957112,10.869112,npc,Ceramic Tile Cross
93479197,59.908357,10.710657,npc,Challenges ahead
92484488,59.902344,10.678644,npc,Chica
91219964,59.910893,10.709293,npc,Chien Regardant Le Fjord
93834458,59.929743,10.766943,npc,Chr. Michelsens gt lekeplass
91363400,59.941177,10.988177,dungeon,Chr. Villadsen
93418703,59.915711,10.734611,npc,Christian Heinrich Grosch
91412149,59.908040,10.73424,npc,Christian Radich
91569282,59.911258,10.541058,dungeon,Christian Skredsvigs vei
91983835,59.975104,10.626104,dungeon,Christiania Roklub
93830478,59.931327,10.798327,npc,Church of Scientology
90353145,59.929642,10.714942,npc,Civil. Ing. Heyerdahl
92730171,59.948912,10.764912,special,climbSLIDE 9
90391547,59.915538,10.713938,dungeon,Code
91227644,59.914417,10.721317,npc,Colorball
93417836,59.916390,10.73669,npc,Colorly Circles
93152309,59.954953,11.053953,npc,Colour Pipes Under Bridge
90873314,59.933145,10.738245,npc,Concrete Art At The Vet
92928479,59.934824,10.644024,dungeon,Contemplating Nature Statue
92421721,59.908229,10.619029,dungeon,Cracked Wall
90354155,59.917101,10.753401,dungeon,Crowbar
91029281,59.924698,10.538198,dungeon,Dalbo Gård
90399048,59.924421,10.568321,dungeon,Dame I Bønn
90222108,59.957083,10.707083,npc,Dame som strikker
90353816,59.942888,10.733888,special,Damplass Fontene
92135874,59.914372,10.796872,dungeon,Dampturbin
93418708,59.915028,10.737428,npc,Dancer
92585216,59.930514,10.473014,dungeon,Danserinnen
92391948,59.913052,10.759952,npc,Dattera til hagen
93566367,59.859839,10.786839,dungeon,De
90398121,59.951345,10.875745,dungeon,Deichmanske Bibliotek Avd. Kalbakken
91230606,59.942386,10.811886,npc,Deichmanske Bibliotek Bjerke
90407946,59.967914,10.589914,dungeon,Demningen
90350601,59.913508,10.713208,dungeon,Den Argentinske Ambassaden
90889878,59.931366,10.745366,npc,Den Barmhjertige Samaritan
91611626,59.881104,10.510104,dungeon,Den Gamle Granittportalen
91855964,59.905043,10.792343,npc,Den gamle kullsyre fabrikken
90354079,59.922709,10.751809,dungeon,Den Grønnkledde
90346818,59.939172,10.766172,npc,Det Andre Teatret
92549348,59.914562,10.718362,dungeon,Det engelske kvarter
90336926,59.855166,10.491166,npc,Det gule huset
92549238,59.935850,10.71175,dungeon,Det Internasjonale Barnekunstmuseet
90353705,59.917074,10.728074,special,Det Kongelige Slott
92559706,59.915430,10.72203,npc,Det Norske Nobelinstitutt
92390988,59.922738,10.755638,npc,Det syke barn - Munch i 1877
90353802,59.936561,10.732561,dungeon,Det Våkende Øyet
90407288,59.904169,10.821369,dungeon,Diger osthøvel
90543859,59.886854,10.517854,dungeon,Diogenes i tønnen
92421710,59.904778,10.625678,dungeon,Disken
93798354,59.909159,10.908159,dungeon,Djevelens Prekestol
90383498,59.969823,10.636823,special,DNT Bogstadvannet
93523065,59.930135,10.508135,dungeon,DNT tur skilt Kolsås/Sætertjern
93526233,59.910595,10.535695,dungeon,DnT veikryss
90372774,59.911942,10.732742,npc,Dog Fountain
92432075,59.918722,10.725022,npc,Doll on Wall
92559350,59.926118,10.715018,npc,Dominikanerne
90343237,59.922030,10.70313,npc,Dona Nobis Pacem
91216102,59.902922,10.504922,dungeon,Dønskitoppen fotballbane
91216096,59.903426,10.503126,dungeon,Dønskitoppen lekeplass
90353784,59.963893,10.731893,dungeon,Dr. Philos
90354139,59.920360,10.75296,dungeon,Dragon in the Womb
92300195,59.890006,10.600006,npc,Drikkefontene
90391208,59.931332,10.603632,dungeon,Dronning Maud
90843306,59.912507,10.748107,npc,Dronningen Kebab
92432089,59.917936,10.725136,npc,Dronningen på tur
92559698,59.918876,10.720176,npc,Dronningen På Veggen
92432108,59.917312,10.726612,npc,Dronningparken Sør
91199519,59.923987,10.861987,npc,Droplet
93714884,59.922652,10.680752,dungeon,Drunk Birds In Love
93318711,59.924127,10.998127,npc,Dumpa
90366201,59.927936,10.807536,dungeon,Dusty Spaceship
92432070,59.921296,10.724996,npc,Dutch Embassy
90353799,59.910747,10.732247,dungeon,Dykker
90408076,59.894798,10.688398,dungeon,Dyna Fyr
93418696,59.912802,10.701202,npc,Dynamikk
90353991,59.912433,10.745633,dungeon,Dyrefontene
93417849,59.918094,10.739894,npc,Edderkopppen
92334087,59.937630,10.77933,npc,Edvard Griegs Allé lekeplass
90714891,59.921154,10.759454,npc,Edvard Munch's Home
92244177,59.929230,10.66983,dungeon,Edvard Munchs Hjem (1916-1944)
90354247,59.921005,10.763605,special,Egg
91032360,59.928514,10.487914,dungeon,EGGET
90970601,59.924008,10.600008,special,Egne Hjem 1935
90227583,59.916403,10.700203,npc,Egypts ambassade i Norge
90464444,59.946060,10.61726,dungeon,Eiksmarka Tennisklubb
90625923,59.946411,10.618911,dungeon,Eiksmsarka Bibliotek
90354449,59.920869,10.775969,dungeon,Einar Gerhardsens Hjem
92384639,59.936593,10.489593,dungeon,Einåsen skianlegg infoskilt
93394480,59.875176,10.789176,dungeon,Ekeberg Dyreklinikk
90337357,59.899393,10.761193,special,Ekebergrestauranten Lillebjørn
90398734,59.929278,10.670278,dungeon,Ekely Munch's Studio
92130063,59.884166,10.499166,npc,Ekkoveien lekeplass
92432065,59.920138,10.727938,npc,Electric Node Cabinet
90366397,59.927078,10.652078,npc,Elektra
90854664,59.905803,10.779103,dungeon,Elektrogården
92768422,59.890031,10.526031,dungeon,Elementene
90525796,59.933698,10.756998,npc,Elephant
90366310,59.911966,10.629166,npc,Elephant Statue
93548875,59.913088,10.980088,npc,Elg - Losbylinja
90337656,59.892426,10.872926,dungeon,ELG info
92561413,59.918214,10.707814,npc,Elisenberg Postkontor
91387402,59.936831,10.915831,dungeon,Ellingsrud Kirke
91353575,59.931026,10.922026,npc,Ellingsrud Ridesenter
91197300,59.945894,10.898294,special,Elvebanken På Verdensplassen
93417443,59.947265,10.692565,dungeon,Emanuel Vigelands Mausoleum
91182313,59.893992,10.492992,dungeon,Emma Lippestad Hjort
93286056,59.908234,10.784234,npc,Engaland lekeplass
90354617,59.929407,10.782107,dungeon,Enka På Sinsen
91147343,59.906052,10.541052,dungeon,Epilepsisenteret SSE natursti
91310329,59.915498,10.595598,npc,Eplehagen Gartnerbolig
92801051,59.895125,10.629525,npc,Equinor Office
90353806,59.963878,10.732878,dungeon,Erling Fjellbirkeland
90353831,59.934124,10.735624,dungeon,Eros og psyke
90694303,59.908407,10.793007,npc,Etterstad Kolonihage
90354844,59.909944,10.799544,dungeon,Etterstadsletta Park
91478538,59.907988,10.797588,dungeon,Etterstadsletta Vest Lekepark
91624382,59.900013,10.630013,dungeon,Evry
92467720,59.919491,10.630591,npc,Fåbro Hage
93319251,59.921574,10.624374,dungeon,Falt for fedrelandet - Minnestein
90287928,59.862096,10.792096,dungeon,Fam. Plavnik Og Fam. Steinmann (Snubble-steiner)
90962559,59.924918,10.745318,npc,Family Lewenstein
91829388,59.917973,10.647373,npc,Faun
93483507,59.908081,10.755581,npc,Fellesskap by Nico Widerberg
92557364,59.918082,10.696482,npc,Ferdighus
90410047,59.934434,10.769234,npc,Fernanda Nissen Statue
92300239,59.896984,10.614984,npc,Festplassen
90165877,59.956052,11.042052,npc,Filadelfiakirken Lillestrøm
92412785,59.918865,10.611865,npc,Filmparken på Jar
90961057,59.910133,10.722133,npc,Fineart Noreg.Norway
90788038,59.926982,10.736882,npc,Firkanta Fluesopp
93230937,59.925112,10.978112,npc,Fisk og kreps i losbyelva
90354640,59.842969,10.783969,special,Fisketrapp
93431838,59.872013,10.976013,dungeon,Fisklaushytta
93609881,59.932919,10.968919,special,Fjellsvingen Playground
93376242,59.921906,11.071906,dungeon,Fjerdingby Bussterminal
93325472,59.975891,10.962891,npc,Flaggermushuset På Lahaugmoen
90354224,59.927263,10.761163,dungeon,Flower Power
90398997,59.923826,10.566826,dungeon,Flowerboys
90399058,59.924590,10.57459,dungeon,Fløytespilleren
93526188,59.901571,10.624371,npc,Flytårnet kultursenter
90865998,59.908570,10.76827,npc,Fo
90332594,59.924127,10.492127,npc,Fole i galopp
90366373,59.884117,10.818117,dungeon,Folkets Hus Abildsø
91147233,59.937445,10.754045,npc,Fontene
92549196,59.928642,10.695242,special,Fontene sør - Bak Frognerparken
91723418,59.926951,10.701251,special,Fontenen av Gustav Vigeland
92224239,59.893669,10.621169,npc,Fornebu Post i Butikk
90354374,59.946031,10.773031,dungeon,Forskningsbragd
91513436,59.915587,10.693187,dungeon,Fortuna - Frognerstranda
93522533,59.957147,10.606647,dungeon,Fossum Terrasse lekeplass
93522530,59.959922,10.610922,dungeon,Fossum Treningspark
90399158,59.958971,10.613971,dungeon,Fossumtunet
91058609,59.935943,10.612943,npc,Fotballbane
92308535,59.895184,10.613184,npc,Fotballbane i Nansenparken
92334099,59.936882,10.776282,npc,Fotballbane på Haarklous plass
91677569,59.898275,10.632875,special,Fountain Oasis
90372800,59.911002,10.734202,npc,Fountain Sculptures
90352813,59.903165,10.698965,dungeon,Fram Museum
91775533,59.903422,10.788022,dungeon,Francisturbin
90353477,59.906361,10.721061,dungeon,"Franz West ""Spalt"" 2003"
90353609,59.939945,10.722945,dungeon,Frederikkeplassen Fontene
90354714,59.911427,10.788427,dungeon,Free Walls Graffiti
90295335,59.925837,10.764937,dungeon,Freia sjokoladefabrikk
90844575,59.912688,10.742188,npc,Freiaklokken
91279283,59.911201,10.616801,npc,Frem Klubbhus
92426758,59.905377,10.634777,npc,Fridtjof Nansens gravminne
91322202,59.931551,10.809951,dungeon,Frigjøring
90354565,59.922606,10.779106,special,Friområde for hunder
92391077,59.917772,10.688372,dungeon,Frognerkilen skatepark
90362867,59.978099,10.678099,dungeon,Frognerseteren
91176733,59.921661,10.692761,dungeon,Frognervassdraget
91106369,59.931462,10.742262,dungeon,Frølichbyen
90866037,59.910229,10.762329,npc,Frosk Med Sten
92432076,59.919465,10.726465,npc,Froskmannen
91174848,59.915552,10.587752,npc,Frøytunveien Lekeplass
92565985,59.928320,10.78842,npc,Frydenberg lekeplass
92707980,59.968075,10.780075,dungeon,Frysja volleyarena
90341976,59.927078,10.865078,dungeon,Fugl på vegg
90410747,59.935497,10.652897,dungeon,Fuglehund
91215729,59.925698,10.536198,dungeon,Fugleliv
90368308,59.860912,10.853912,dungeon,Fuglene
93406225,59.937955,10.649255,dungeon,Fugleskremsel
90398549,59.943050,10.89045,special,Furuset Climbing Innstallation
90398102,59.933104,10.868104,special,Furuset Idrettspark
90398570,59.939953,10.898953,dungeon,Furuset Mosque
91253521,59.932982,10.869982,dungeon,Furuset Tennis IF
92559307,59.922687,10.728187,npc,Gående
90354529,59.913454,10.776654,dungeon,Gående Gås
93705164,59.968151,10.942151,dungeon,Gafpahuken Gubbero
91891905,59.907486,10.779186,special,Galgeberg Park
90841595,59.911567,10.781667,npc,Galleri Bastian
90352715,59.921121,10.690121,dungeon,Galleri Dobag
90352277,59.902007,10.571007,dungeon,Galleri G
90425717,59.933309,10.671309,npc,Game is here
92651722,59.911707,10.617807,npc,Gamle Myra holdeplass
92643605,59.962112,11.009112,dungeon,Gamle Stav distriktsfengsel
93834434,59.919822,10.759122,npc,Gamledager (1991-2021)
91287785,59.837917,10.784917,dungeon,Gamlelinja Borettslag
90354700,59.840075,10.787075,special,Gamlelinje - Stone Table
90162713,59.866164,10.490164,dungeon,Gammelt Avstandsmerke
91255231,59.914707,10.589207,npc,Gammelt Avstandsmerke 83
91235470,59.914989,10.589989,npc,Gammelt Avstandsmerke K
93674971,59.933760,10.67506,dungeon,Gangbro over Makrellbekken
93522483,59.875187,10.606987,dungeon,Gangsti Fürst Brygge-Strömstangveien
91016934,59.945834,10.844834,npc,Gangsti/undergang
93526269,59.875940,10.88094,dungeon,Gapahuk på Bremsrud
93724110,59.929834,10.796534,dungeon,Gartnerkvartalet lekeplass
93437665,59.952969,10.905969,npc,Garver Ytterborgs vei turskilt
93433684,59.925953,10.964953,dungeon,Gaupe - Skårer natursti
93350721,59.950423,10.722923,npc,Gaustad Ballbinge
90353031,59.946012,10.710212,dungeon,Gaustad Metro Station
91881022,59.945349,10.710049,dungeon,Geological Sign
90265510,59.918292,10.729092,npc,Geometriske Reven
91250596,59.930024,10.790924,npc,Gildevangen lekeplass
91198328,59.908029,10.530029,dungeon,Gjettum Station
90174604,59.914839,10.575839,npc,Gjønnes Idrettshall
91756938,59.915945,10.580845,npc,Gjønneshagen red dots lekeplass
91109374,59.916226,10.582626,npc,Gjønneshagen Store Lekeplass
91756942,59.915913,10.579913,npc,Gjønneshagen vestre lekeplass
91218227,59.919148,10.580148,npc,Gjønnesparken
90962464,59.916630,10.77403,npc,Glasskunstvegg
91855742,59.913758,10.732358,npc,Gledesprederen
90410786,59.944003,10.804003,dungeon,Goat Statue
92234500,59.930712,10.711512,dungeon,Golden Igloo
93051802,59.935030,10.79443,dungeon,Gørtz Sameie
91671591,59.861122,10.665122,dungeon,Granholtfunnene
91197216,59.944104,10.898104,npc,Granstangen Lekeplass
91246694,59.942098,10.898698,npc,Granstangen Park
90366249,59.911402,10.635402,npc,Granstua
90694316,59.907570,10.79287,npc,Grass on the Wall Painted
90399024,59.852906,10.454906,dungeon,Gråtass På Asker Museum
90411035,59.944161,10.740161,dungeon,Gravfelt
93574048,59.954496,10.773796,npc,Grefsen Skole
90448177,59.941656,10.780856,npc,Grefsen Stasjon
91188171,59.951039,10.676039,npc,Gressbanen
92694906,59.886044,10.725044,dungeon,Gressholmen Brygge
92694913,59.884083,10.722083,dungeon,Gressholmen Kro
92391074,59.914350,10.68285,dungeon,Grev Herman Wedel Jarlsberg
90318691,59.937978,10.756978,dungeon,Grevling
92353359,59.923894,10.800594,npc,Grillplassen
92300192,59.889889,10.604589,npc,Grilltopp
92121713,59.942913,10.693713,dungeon,Grimelund gård
92559910,59.873956,10.590956,npc,Grimsøya Ridebane
90344595,59.911330,10.76743,dungeon,Grønland Kirke
92951170,59.913197,10.763597,npc,Grønland Kulturstasjon
92551907,59.924078,10.895078,dungeon,Grønlihytta
91021811,59.925332,10.780332,npc,Grønn Klokke
90463163,59.927013,10.763113,npc,Grüner
93834372,59.923446,10.757946,npc,Grünerhaven
90463199,59.927291,10.765191,npc,Grünerløkkas Hus
92351789,59.916590,10.78679,npc,Gullgraver
90399113,59.899147,10.595047,special,Gunnar
90841601,59.911766,10.780066,npc,Gunnar Ruud
93568312,59.981948,10.459948,dungeon,Guriby stimarkør
92386071,59.937401,10.790001,npc,Gutt Med Fugler
92379670,59.909650,10.79125,dungeon,Gutta På Hjørnet
91029272,59.919081,10.539481,dungeon,Gutten Med Seljefløyten
90353732,59.914966,10.729966,dungeon,HAAKON VII
93654303,59.946008,10.592008,dungeon,Haga
90411134,59.942091,10.579091,dungeon,Haga Golfklubb
91058625,59.934318,10.608218,special,Hagabråten Lysthus
90338363,59.939006,10.643706,dungeon,Half Way
90714701,59.922255,10.759055,npc,Hallén
90353618,59.936806,10.722906,dungeon,Halvor Blindern
93731593,59.919206,10.828106,dungeon,Halvor Halvorsens vei lekeplass
90353745,59.926301,10.730801,dungeon,Hamsun's Home
91215590,59.949174,10.767174,dungeon,Handelshøyskolen BI Oslo
90344736,59.907754,10.741954,special,Hanne På Stranden
93417840,59.917655,10.735555,npc,Hans Gude
90353504,59.921526,10.720426,special,Hans Nilsen Hauge
90358126,59.894907,10.632007,dungeon,Happy Cubes
90354377,59.907518,10.772718,special,Harald Hardrådes plass
90571164,59.919302,10.836102,dungeon,Harald Huysman Klatring
93045551,59.940735,10.788635,dungeon,Haraldsheim
90345209,59.921434,10.784234,dungeon,Hasle Kirke
90345257,59.924334,10.793934,dungeon,Hasle T-Banestasjon
91027233,59.916179,10.572179,dungeon,Haslum Idrettshall
91106378,59.914875,10.564875,dungeon,Haslum Station
91029263,59.910958,10.509958,dungeon,Hauger stasjon
91724457,59.923002,10.859402,npc,Haugerud Fotballbane
91199641,59.919881,10.855281,npc,Haugerud Lekeplass
90349597,59.922088,10.855088,dungeon,Haugerud T-banestasjon
91199648,59.918922,10.851922,npc,Haugeruds Historie
93338256,59.904070,10.89707,dungeon,Haukåsen Radar
91073783,59.897950,10.51125,dungeon,Haukeland80
90366077,59.846029,10.803029,dungeon,Hauketo Train Station
93419558,59.838932,10.806932,dungeon,Hauketo-Prinsdal Church
91145170,59.920407,10.585307,special,Haukeveien Fotballbane
90354089,59.919103,10.752203,dungeon,Hausmania Culture House
90384713,59.909526,10.615426,dungeon,Havfruen
91735086,59.907458,10.747158,npc,Havnelageret Hovedinngang
90961054,59.910598,10.720298,npc,Havnepromenaden 04 - Vika
93318725,59.931925,11.021925,npc,Havrestien playground
92070249,59.906588,10.718988,dungeon,He
90354709,59.954990,10.78749,special,Head On A Stake
90525930,59.931500,10.7622,special,Heads in the Park
90353845,59.935496,10.735696,dungeon,Heavy Burden
90309031,59.958149,10.714549,npc,Heggehølet
92432078,59.921888,10.725788,npc,Hei Sveis
92070280,59.928951,10.650951,npc,Heiagjengen
91939361,59.902104,10.514104,npc,Helgerud Kirke
91182341,59.923891,10.532891,dungeon,Helleristninger
92639547,59.910034,10.830734,dungeon,Hellerud Metro Station
91241047,59.917151,10.848151,npc,Hellerudstubben Lekeplass
91158086,59.844174,10.691174,dungeon,Hellvik Strand Infobad
93604816,59.942189,10.519789,dungeon,Helsetlia lekeplass - øvre
92559337,59.923323,10.720923,npc,Henrik Sørensen Living Quarters
90828156,59.916410,10.71071,npc,Her bodde Leopold Krupp
93418701,59.921506,10.707806,npc,Her Stod En Gang Et Tre
92482333,59.880652,10.496752,dungeon,Hiltonåse Lekeplass
91928103,59.914730,10.79523,npc,Historical Tribute 1 Øre
92695106,59.887281,10.707281,dungeon,Historisk Sisterne
90788049,59.925890,10.73389,npc,Hjallis
90353081,59.919510,10.71211,dungeon,Hodeløs Liggende Dame
90354444,59.933860,10.77676,special,Hodet N. N. 2012
91575024,59.925094,10.675294,dungeon,Hoff
92156375,59.930017,10.675217,dungeon,Hoff Gård
90464484,59.944794,10.679994,dungeon,Holmendammen
90234177,59.948156,10.681156,npc,Holmendammen Hoffselven
90362677,59.960410,10.66641,special,Holmenkollen Restaurant
92826868,59.983018,11.028018,dungeon,Holt Vestvollen Hinderløype
93185594,59.984060,11.02406,npc,Holtparken Sandvolleyballbane
92559291,59.924123,10.728823,npc,Homansbyen
91165127,59.843865,10.455865,dungeon,Høn Stasjon
92130061,59.882101,10.499101,dungeon,Hoppbakken i Juterudveien
92559345,59.926942,10.720442,npc,House of Oscar Mathisen (1888-1954)
90897616,59.888909,10.551109,special,Houses in Fjords
90338298,59.894447,10.727047,dungeon,Hovedøya Kirke
92345260,59.921002,10.791102,npc,Hovinbekken lekeplass
93027791,59.918646,10.784346,npc,Hovinveien lekeplass
92928511,59.951873,10.653873,dungeon,Hovseter infoskilt
90338325,59.946405,10.654605,dungeon,Hovseter Stasjon
90411370,59.949594,10.655594,dungeon,Hovseterhallen
92747480,59.950735,10.655235,dungeon,Hovseterpaviljongen
93568423,59.869997,10.894997,dungeon,Høyas Trailmarker
92368398,59.941057,10.912157,dungeon,Høybråten Kirkegård Alter
90411458,59.966883,10.935883,dungeon,Høybråten Stovner Idrettslag
93514826,59.905866,10.819766,npc,Høyenhall Metro Station
91752631,59.902291,10.810291,dungeon,Høyenhall VEL-hus
93483343,59.909457,10.736057,npc,Høymagasinet
90411380,59.923406,10.693006,dungeon,Hugging Couple
92460276,59.896106,10.675906,npc,Huk basketbane
92227811,59.894844,10.674444,dungeon,Huk naturminne
90354299,59.901513,10.766413,dungeon,Huldra
92692028,59.970120,11.02012,dungeon,Hundeluftingsområde på Nittebergtangen
91611637,59.891388,10.600088,dungeon,Hundremeterskogen
91722088,59.852125,10.838125,dungeon,Huskåskli
93514807,59.902325,10.821025,npc,Huskåskli i Harry Fetts vei
90407820,59.957204,10.707204,dungeon,Husmor På Sykkel
90540266,59.858096,10.463096,dungeon,Hvalstad stasjon
90543893,59.843166,10.490166,dungeon,Hvalstrand Bad
91665800,59.914975,10.637475,npc,Hvit brud
93523027,59.903925,10.539925,dungeon,Hvor mange år?
90353188,59.914518,10.716218,special,Hydroparken
93566329,59.875844,10.794844,dungeon,Hyggjehjørnet i Nordseterskogen
91106349,59.930911,10.736411,dungeon,Idioten
90828178,59.914294,10.711294,npc,Indiske Ambassaden
90353776,59.967966,10.730966,dungeon,Ingrid Kristiansen Statue
90714899,59.920246,10.763046,npc,Ink Grafitti
92730167,59.917288,10.806988,special,Intility Arena
91636694,59.908694,10.709194,dungeon,Isbjørn
90344683,59.911736,10.762136,dungeon,Islamic Cultural Centre Norway
90411643,59.932111,10.712611,dungeon,Jan P. Syse Byste
90723257,59.931091,10.663091,dungeon,Jan Vincent Johannesen
91279297,59.918293,10.617293,npc,Jar Futuristiske Kirke
90399175,59.917982,10.617982,dungeon,Jar Ishall
90398880,59.922504,10.625004,dungeon,Jar Mølle
90398892,59.926136,10.618736,dungeon,Jar Station
91171638,59.952826,10.654826,npc,Jarbakken tennisbane og lekeplass
91800023,59.887091,10.495091,special,Jardard IL Klubbhus
91279327,59.926382,10.621082,npc,Jarhuset
92412725,59.924862,10.616062,special,Jarmyra Fotballslette
91924746,59.947355,10.820955,special,Jenta Ved Badedammen
91779504,59.950870,10.89987,dungeon,Jettegryte
90295313,59.926147,10.769047,dungeon,JM Skilt
90962558,59.925811,10.743011,npc,Jødisk synagoge
90353973,59.921498,10.743398,dungeon,Johan Sverdrup
90353749,59.937571,10.730771,dungeon,John Collet
91279235,59.908151,10.577151,dungeon,Johs Faales vei lekeplass
91292695,59.861044,10.461044,dungeon,Johs. Hartmanns Pensjonatskole
92316745,59.936134,10.771434,special,Jolly Kramer-Johansen Statue
90578383,59.908638,10.782038,dungeon,Jordal Idrettspark
91575061,59.918490,10.66379,dungeon,Jordans ambassade
90411653,59.889041,10.552441,special,Jordkrefter
91632790,59.913460,10.72886,dungeon,Jordmusikk
91279352,59.891838,10.577438,npc,Josef Terbovens hytte
92717485,59.899042,10.812042,npc,Julie av Henrik Finn
93319257,59.919858,10.608958,dungeon,Kabelsteinen
91786287,59.910498,10.767598,dungeon,Kafé Saba
90398831,59.920466,10.644666,dungeon,Kajalund
90359204,59.954415,10.877015,special,Kalbakken Bru
92717514,59.947896,10.865896,dungeon,Kalbakkslyngen Lekeplass
93597553,59.928105,10.697705,npc,Kalender-solur
91182330,59.909385,10.520385,dungeon,Kalkstien
90354108,59.932062,10.752262,special,Kalven
91655301,59.864831,10.822831,dungeon,Kamomille Lekeplass
90841374,59.913818,10.781018,npc,Kampen Bydelshus
90354579,59.911895,10.781595,dungeon,Kampen Kirke
90941624,59.913247,10.785047,dungeon,Kampen Økologiske Barnebondegård
91780031,59.915585,10.781685,special,Kampen Vannspeil
93746961,59.892078,10.729078,npc,Kanonbatterier / Artillery battery
91287948,59.849177,10.816177,npc,Kantarellen
90714921,59.918374,10.756974,npc,Kari Trestakk
93194303,59.964159,11.004159,npc,Karisveien lekeplass #2
92368402,59.943938,10.916938,dungeon,Karl Andersen
93104842,59.892161,10.618461,dungeon,Kast
91865944,59.906146,10.719746,npc,Kavringen badebrygge
90354235,59.914846,10.762046,dungeon,Keep Dreaming Mural
92070488,59.917310,10.65911,npc,Keramikk galleri old house
90714881,59.921350,10.76365,npc,Key-Eye
92350241,59.923282,10.784882,npc,Keyserløkka hagelag
91751941,59.890901,10.779901,special,KFUM Stadion
90338581,59.888870,10.78087,dungeon,KFUM-HALLEN
92951171,59.912551,10.763051,npc,Kid's Creativity Mural
93408552,59.918508,10.615808,dungeon,Kirkebakken tursti
91886581,59.842049,10.436049,npc,Kirkelia fotballøkke
93837727,59.905010,10.48001,npc,Kirkerudbakken utegym
93061548,59.962904,11.056904,dungeon,Kjeller Flyplass Kulturminne
93194135,59.975927,11.037927,dungeon,Kjeller Vestre Amfibiedam
93319218,59.964065,10.785065,dungeon,Kjelsås Rotating Mural
90543857,59.886393,10.525593,dungeon,Kjørbo fontene
90354294,59.899694,10.765794,dungeon,Klang
91649041,59.855096,10.829096,dungeon,Klatreparken
91772630,59.954325,10.846925,dungeon,Klatreparken på Sandåssletta
91721303,59.941174,10.900774,npc,Klatrestolper
90354729,59.954488,10.788488,special,Klatretårn
90353658,59.950970,10.72597,dungeon,Klaus Torgårds Tvillinger
93146749,59.919777,10.772977,npc,Klimahuset i Botanisk Hage
90425926,59.949182,10.715182,npc,Klokke På Veggen
90366169,59.914633,10.806133,dungeon,Klokketårn Østre Gravlund
90344709,59.911410,10.75031,dungeon,Klokketårnet På Jernbanetorget
91032328,59.930216,10.485816,dungeon,Klovn
90338652,59.912470,10.76077,npc,Klovner i kamp
93175882,59.921502,10.774502,npc,Klumpen
92524013,59.977029,10.653029,dungeon,Knivkjuke
93104836,59.894788,10.630788,special,Knowing doing planet
92757492,59.946831,11.035831,dungeon,Knut Torstensens Memorial
93526199,59.888639,10.615539,npc,Koksaklatrevegg
91182337,59.916592,10.519092,dungeon,Kolsåsstupene Naturreservat
93523064,59.933908,10.509008,dungeon,Kolsåstoppen nordre turskilt 1
90338331,59.893247,10.732547,dungeon,Kommandantboligen
90354412,59.914126,10.775226,dungeon,Konene ved vannposten
90352630,59.911496,10.680396,special,Kong Olav Kalven
92557371,59.917938,10.693238,npc,Kongelige Danske Ambassaden
90352908,59.909656,10.702356,dungeon,Kongen
90543853,59.886572,10.531672,special,Krabbe
92432085,59.921390,10.72959,npc,Kremtel
93526196,59.887536,10.618936,npc,Krigsminner
90337111,59.962828,10.734828,npc,Kringsjå Stasjon
90360522,59.942847,10.636847,dungeon,Kristian Aubert Memorial Stone
90366916,59.868091,10.839091,dungeon,Krokodille - 1994
91279344,59.907798,10.588898,npc,Krokvolden fotballbane
90714621,59.923246,10.764146,npc,Kuben i Sofienbergparken
90354736,59.884465,10.788865,dungeon,Kule Og Kube
90540298,59.877677,10.479877,dungeon,Kultursti Billingstad
90354379,59.916665,10.772765,special,Kunnskapens Eple
90345961,59.902710,10.78811,npc,Kunst i Kværnertrappa
92559709,59.916086,10.721186,npc,Kunst Ved Trikkestopp
91022102,59.922094,10.584894,npc,Kunstgressbanen Arena
92412843,59.927013,10.617013,npc,Kunstgressbanen på Jarmyra
90714679,59.925430,10.75363,npc,Kunsthøgskolen i Oslo
92432101,59.919258,10.730458,npc,Kunstnernes Hus
92551916,59.904562,10.786662,dungeon,Kværnerbyen wall art
93526129,59.927368,10.731168,npc,Kvindernes Boligselskap A/S
90353892,59.924872,10.740272,special,Kvinne av Ørnulf Bast
90832407,59.912358,10.731158,npc,Kvinne med lekende barn
90365957,59.913190,10.64529,npc,Kvinneklokka
93523013,59.893000,10.534,dungeon,Lakseberget tursti
91655410,59.874029,10.812029,npc,Lambertseter Library
91655269,59.870886,10.817886,npc,Lambertseter Stadion
91537218,59.871177,10.725177,special,Langøyene Fergestasjon
92460275,59.895638,10.676838,special,Large Arch
91757811,59.911825,10.720725,npc,Lassons gate lekeplass
90337997,59.898346,10.730746,dungeon,Lavetthuset
91772868,59.902189,10.835889,special,Låveveien Fountain
90366316,59.910625,10.812925,dungeon,Lazy Fountain
91637554,59.907413,10.720313,npc,Leaf Bo
91029779,59.926010,10.48261,dungeon,Leke
92300246,59.894990,10.61459,npc,Lekeapparater i Nansenparken
92457811,59.895073,10.568073,dungeon,Lekeborg Glassverkveien
91175137,59.911039,10.545039,dungeon,Lekeborg i Durud
91313685,59.927010,10.48101,npc,Lekekroken
90353165,59.945979,10.715979,dungeon,Lekende Barn
90366053,59.919685,10.800985,dungeon,Lekeparken i Valle Borettslag
93175886,59.922194,10.776694,npc,Lekeplass
91724710,59.963174,10.875174,npc,Lekeplass 2 i Ammerudlia borettslag
91313661,59.927896,10.477896,npc,Lekeplass for de små
93188429,59.971117,10.992117,special,Lekeplass i Gjelleråsen Borettslag
91047259,59.918887,10.810987,npc,Lekeplass i Gullhaug Borettslag
91047288,59.919734,10.812134,special,Lekeplass i Helsfyr Borettslag
92421714,59.905507,10.624607,npc,Lekeplass i John Strandruds vei
92655267,59.982940,11.03094,npc,Lekeplass i Lensmann Klevs vei
91649959,59.970904,10.905904,npc,Lekeplass i Øvre Svarttjern
93569700,59.874930,10.80793,dungeon,Lekeplass i Radarveien
93299187,59.967880,10.89188,npc,Lekeplass i Ravnkollen borettslag
93146744,59.920413,10.774513,npc,Lekeplass i Sofienberggata
92364574,59.923794,10.782894,npc,Lekeplass Keyserløkka nord
91021830,59.921981,10.782481,npc,Lekeplass Keyserløkka Sør
93318679,59.936971,10.999971,npc,Lekeplass Nordbygrenda
92442563,59.893653,10.609453,npc,Lekeplass nr 2
93526183,59.893291,10.608191,npc,Lekeplass nr 3
93323156,59.941049,10.785049,npc,Lekeplass på Nordre Åsen
91175156,59.914653,10.555653,dungeon,Lekeplassen
91313674,59.927083,10.477083,npc,Lekeplassen i bringebærstien
92803798,59.955065,11.033065,npc,Lekeplassen i Depotgata
91175135,59.911521,10.546621,dungeon,Lekeplassen i Durudveien
91353553,59.930956,10.917956,dungeon,Lekeplassen i Munkebekken
92012247,59.942091,10.888091,npc,Lekeplassen ved Furuset Kirke
92896772,59.889998,10.616198,dungeon,Lekeskulpturer
90354750,59.919222,10.790922,dungeon,Lekestubbene
92773980,59.970096,10.643096,dungeon,Liabakken lekeplass med klatring
90410463,59.935426,10.772026,npc,Liggende foleunge
93376904,59.923510,10.73461,npc,Lille Bislett streetbasket
92350489,59.918749,10.781749,npc,Lille Tøyen sykehjem 1920
92302111,59.924267,10.637067,npc,Lilleaker Folkets Hus
91683294,59.920301,10.632701,npc,Lilleaker Vest Lekeplass
92729794,59.919104,10.800204,npc,Lillebergsvingen lekeplass
90354324,59.933934,10.768834,special,Lilleborgbanen Graffiti Wall
91190898,59.954867,10.857867,dungeon,Lillegrei Sportsbane
91414929,59.893902,10.604702,dungeon,Lilleøya Våtmarker Infoskilt
93152313,59.955031,11.054031,dungeon,Lillestrøm Metodistkirke
92870366,59.961818,11.032818,npc,Lillestrøm tennisklubb
90912299,59.953146,11.046146,dungeon,Lillestrøm Togstasjon
92572955,59.944520,10.77112,special,Lillo Gård
92300182,59.890073,10.606073,npc,Lilløyplassen Infosign 2
90171199,59.894330,10.59863,npc,Lilløyplassen Naturhus
92640584,59.929878,10.882878,special,Lindeberg Ballbinge
91009778,59.928969,10.878969,special,Lindeberg Park
91009798,59.930107,10.876107,special,Lindeberg Utegym
91009772,59.932023,10.879023,special,Lindebergskogen Ballplass
90411870,59.943507,10.832707,dungeon,Linderud Gård
93082541,59.908512,10.641612,dungeon,Linedanseren
93523072,59.950997,10.473997,dungeon,Lions gapahuk ved Lommedalen skisenter
92065787,59.902029,10.561029,special,Lite hus
90353835,59.936633,10.735633,dungeon,Liten jente - Ullevål
92426726,59.894799,10.623399,npc,Liten lekeplass i Regattaveien
91837463,59.881904,10.484904,npc,Liten lekeplass på Reverudåsen
90353851,59.906368,10.736268,dungeon,Little Bird
91106341,59.930247,10.739847,dungeon,Little Girl Fountain
90353962,59.916007,10.742707,dungeon,Little Green Men
90399100,59.904049,10.587049,dungeon,Livets Vann
91723425,59.928446,10.696146,special,Livshjulet
93420395,59.854161,10.801161,dungeon,Ljabru trikkeholdeplass
90354662,59.853070,10.78507,dungeon,Ljan Trainstation
90366176,59.848922,10.805922,dungeon,Ljanselva Miljøpark Kart
92893824,59.841182,10.775182,dungeon,Ljanselvs info - Fiskevollen
93075913,59.907307,10.638307,dungeon,Loke
93523030,59.906814,10.552914,special,Løkebergtunet lekeplass
93318710,59.923823,10.998823,dungeon,Løkka ballbinge
90463147,59.927278,10.763278,npc,Løkka Steinansikter
91290047,59.914222,10.673022,dungeon,Løkken Hengsengen
91027517,59.982008,10.484008,dungeon,Lommedalsbanen
92070246,59.908099,10.722199,npc,Long Fountain
92070434,59.915003,10.652003,npc,Long Water Fountain
92717238,59.976831,10.630831,dungeon,Lønn i skogen ved Jegersborg
90354353,59.918478,10.771378,special,Lønnefrukter
93318702,59.937143,10.990143,special,Lørdagsrud fotballbane
90411961,59.930776,10.793676,dungeon,Løren post i butikk
90366097,59.935317,10.804517,dungeon,Lørenhallen
93472670,59.928986,10.796686,dungeon,Lørenporten lekeplass
93214251,59.925107,10.985107,dungeon,Lørenskog Kirke
91250624,59.929486,10.797986,npc,Lørenveien lekeplass
92432083,59.920768,10.728968,npc,Lorry Lion
90354004,59.914893,10.749393,dungeon,Løvefontene
90350541,59.913894,10.711894,dungeon,Løven i Niels Juels Gate
93254725,59.961083,11.069083,npc,LSK Hallen
90164297,59.957000,11.029,dungeon,Lyden av Lillestrøm
90366003,59.911402,10.641502,npc,Lysaker brygge holdeplass for båt
90365641,59.913062,10.637362,npc,Lysaker Bus Station
90366236,59.911907,10.636307,npc,Lysaker Postkontor
90365789,59.913836,10.636836,npc,Lysaker Togstasjon
91279300,59.918514,10.629614,npc,Lysakerelva Naturområde
90302948,59.978057,10.655057,dungeon,Lysebu 96
92872057,59.932836,10.634836,dungeon,Lysejordet Grendehus
91412162,59.908890,10.73459,npc,M314 Museum
90353933,59.904520,10.74112,dungeon,M48 Tank
90972252,59.918036,10.587036,dungeon,Madame Coop
90398872,59.929888,10.629888,dungeon,Magmaganger
92367509,59.930399,10.714599,npc,Majorstuen Station
90848889,59.910947,10.793347,npc,Malerhaugen Gård
90365829,59.914850,10.63485,npc,Malstrøm
91177555,59.943686,10.514186,dungeon,Måltid
90366571,59.895125,10.826125,dungeon,Manglerud Bad
92549212,59.926387,10.703187,dungeon,Mann jonglerer med 4 småbarn (genier)
90200240,59.908577,10.742477,npc,Mann Med Utstrakt Lukket Hånd
90399091,59.936314,10.585914,dungeon,Mann Og Barn
90353302,59.914918,10.718818,dungeon,Mannen med nøklene
90354245,59.955287,10.762787,dungeon,Map of Nydalen
90332125,59.925270,10.76397,npc,Marabou
90970625,59.923601,10.599601,npc,Marching band child
90354710,59.969836,10.787836,dungeon,Maridalsvannet
93113927,59.920286,10.790086,npc,Marienfryd lekeplass
90353635,59.927014,10.724614,dungeon,Marit & Aurora
93248874,59.930406,10.778106,npc,Masjid Bilal Oslo
93479188,59.907506,10.726406,npc,Matchstick Art
92432125,59.921311,10.731711,dungeon,Mauren ballplass
91580370,59.919898,10.577498,npc,Med hodet i Skyene
92070465,59.923256,10.803456,special,Med skogen i sikte
90353510,59.939568,10.721568,dungeon,Medianfiguren
92432143,59.923054,10.726454,npc,Medisinkvinnen
92979774,59.860125,11.075125,dungeon,Meisene
92432099,59.918501,10.729901,npc,Meitemark
91184420,59.947930,10.65093,npc,Meklenborg Borettslag Lekeplass
92733277,59.948042,11.009042,dungeon,Melting Pod
91215785,59.932023,10.555023,npc,Memory Lane
91182310,59.895659,10.480159,dungeon,Memory of Editor Johs Loken
93242697,59.921177,11.084177,dungeon,Menighetshuset
90426301,59.952117,10.614117,dungeon,Metal Hingsten
90354211,59.942005,10.759005,dungeon,Metodistkirken
90352636,59.907069,10.681969,dungeon,Milestein - Buskerud (1772)
93242684,59.920008,11.081008,npc,Milestein og Rodestolpe
91735080,59.907206,10.742906,npc,Militær Hospitalet
90714696,59.922118,10.762518,npc,Mills Mural
90384688,59.878930,10.62193,dungeon,Mini Anker
90337647,59.892166,10.883166,dungeon,Minne om Chr Dons
92465159,59.857174,10.662174,dungeon,Minnesmerke 22. juli 2011
92367512,59.930236,10.715436,npc,Misjonskirken
92460653,59.903234,10.698234,npc,Moai Fra Påskeøya
91179956,59.943594,10.761694,dungeon,Moderne Helleristninger
90525969,59.928431,10.755931,npc,Mølla
90287039,59.943127,10.633127,npc,Møllerbruket Ved Røafossen
93104835,59.895406,10.626306,dungeon,Monkey's Fist
90398761,59.934433,10.665533,dungeon,Montebello Stasjon
92951179,59.910622,10.760722,npc,Monument to a fence
90366336,59.916894,10.814494,dungeon,Mor og barn
93526253,59.954179,10.883179,dungeon,Mor og barn - Fritz Røed 1993
90889866,59.932838,10.745738,npc,Mor Og Datter
90353226,59.922485,10.716785,dungeon,Mor og Sønn
90353001,59.928602,10.709202,dungeon,Morgen 3 - 2002
93417461,59.903406,10.823306,dungeon,Mørkt fjell 2011 av Kjell Nupen
93408490,59.917504,10.811904,dungeon,Mosaikkmannen @Teisenbrua
93418039,59.912420,10.75472,npc,Mosaikkveggen
91657700,59.914196,10.715896,dungeon,Mot nye høyder
93590256,59.947140,10.78714,dungeon,Mot Voldsmakt for Frihet og Fred
90366208,59.908899,10.637899,npc,Mother of Three
90366020,59.910040,10.64224,npc,Mother Sculpture
90349280,59.922953,10.865353,special,Mothers Weight
91777918,59.918073,10.841073,dungeon,MS Syver
92678008,59.860081,10.811081,dungeon,Munkerud busstopp
93323154,59.939853,10.783153,npc,Muselunden DiscGolfPark
90426681,59.926716,10.740016,special,Musikanter på Haugen
91741195,59.912474,10.869874,dungeon,Myr
91147165,59.935809,10.757809,npc,Myraløkka Restroom
93568401,59.845135,10.901135,dungeon,Mystisk bauta på Spinneren
90354033,59.913948,10.750548,dungeon,Myth (Sphin
90412234,59.921884,10.585784,dungeon,Nadderud Arena
91027245,59.916065,10.574165,npc,Nadderud Bauta
91109362,59.920083,10.579083,npc,Nadderud Kunstgress 9er
90972213,59.921088,10.582088,npc,Nadderud Stadion
90399086,59.921614,10.584414,dungeon,Nadderudhallen
90412805,59.915519,10.573319,dungeon,Nadderuds Hjerte
92432148,59.921986,10.729086,npc,Naked Girl
91537223,59.890626,10.696726,dungeon,Nakholmen
92300230,59.895988,10.613788,special,Nansen Statue
92308532,59.895620,10.61102,npc,Nansenparken Utegym
92694789,59.891153,10.743153,dungeon,Naturreservat
93604813,59.941016,10.553016,dungeon,Naturreservat Gardlaugshytta
90418345,59.975940,10.91994,dungeon,Natursti - Rådyr
90153227,59.910422,10.580522,dungeon,Natursti fra Gjønnes til Ballerud Post C1
91655612,59.909995,10.580995,dungeon,Natursti fra Gjønnes til Ballerud Post C3
93406228,59.911099,10.582099,dungeon,Natursti fra Gjønnes til Ballerud Post C4
91799993,59.885778,10.491978,special,Nedre Ås lekeplass
93834449,59.922232,10.754032,npc,Nedre Foss Gård
90740474,59.922423,10.755223,npc,Nedre Foss lekeplass
91197612,59.934003,10.881003,npc,Nedre Søndre Lindeberg Lekeplass
91279291,59.910150,10.61165,npc,Nedre Stabekk Utegym
92557247,59.918712,10.703612,dungeon,Nedstigningstårn og gatelys - Thomas Heftyes plass
92549363,59.916988,10.718488,dungeon,Nedstigningstårn ved Den Franske Skole
90360623,59.950182,10.617182,dungeon,Nei
93214157,59.914831,10.976831,dungeon,Nesåsen bunkers 1
90841239,59.908585,10.787185,npc,Nipes
92557362,59.917474,10.699774,npc,Nobels Firehydrant
91674552,59.911523,10.730423,dungeon,Nobels Fredssenter
92098972,59.879114,10.853114,npc,Nøklesvingen lekeplass
92432052,59.920066,10.726266,npc,Nomaden Reisebutikk
91319787,59.956919,10.743919,npc,Nordberg Gård
92334115,59.936403,10.773003,npc,Nordkappgata streetbasket
90948608,59.940699,10.772099,npc,Nordpolen skole
90617152,59.928943,10.518943,dungeon,Nordre Kolsåstopp
90453599,59.937028,10.788128,npc,Nordre Sinsen Gård
93304931,59.947393,10.744893,dungeon,Nordre Taasen Gård
92677992,59.872852,10.794852,special,Nordseterormene
90336874,59.859049,10.802049,dungeon,Nordstrand kirke
90336868,59.859865,10.806865,dungeon,Nordstrand kirkegård
90365896,59.861057,10.795057,special,Nordstrand Krigsminnesmerke
90354680,59.864047,10.786047,dungeon,Nordstrand Togstasjon
92251555,59.936493,10.609093,dungeon,Nordveien Lekeplass
91030459,59.927348,10.780548,dungeon,Norges største redningsaksjon Carl Fredriksens Transport 1942/43
93732402,59.910197,10.745997,npc,Norges Storting
91918814,59.857112,10.462112,npc,Norsk Jeger-og Fiskerforbund
90338566,59.891255,10.779055,dungeon,Norway Cup
92951177,59.911193,10.761193,npc,Norwegian 8 bit
90783595,59.913798,10.757198,npc,Norwegian Lady
90365881,59.863091,10.795091,dungeon,NTK - Nordstrand Tennisklubb
91855740,59.913003,10.730503,npc,Nude Stone
93407612,59.956673,10.766373,dungeon,Nydalsdammen
93609007,59.904513,10.799313,npc,Nygårdskollen Lekeplass
91438489,59.912474,10.714574,npc,Observatorie Terrasse Tennisbane
90961041,59.913008,10.717908,npc,Observatoriet i Oslo
91855730,59.912448,10.726448,npc,Observing
91279252,59.899763,10.596263,npc,Oh No
93421925,59.928198,10.805398,dungeon,Økern T
91279269,59.904093,10.612493,npc,Oksenøya Playground
91286049,59.923259,10.778359,special,Ola Narr
91110450,59.926101,10.594101,npc,Ola Valdris Lekeplass
90354202,59.922996,10.758396,special,Olaf Ryes Plass Fountain
90368359,59.887860,10.85286,dungeon,Olav Nygard Quote on Wall
90265484,59.933801,10.829001,dungeon,Old Christiania Printer
90358085,59.900469,10.635369,npc,Old Fornebu Bunker
90384677,59.888836,10.596836,special,Old Fornebu Runway
92559342,59.925632,10.718932,npc,Old Streetlamp
90354348,59.918807,10.771307,special,Oldemors Hage
91197200,59.940382,10.897182,dungeon,Ole Reistad
91032569,59.939867,10.501567,dungeon,Omfavnelse
90889872,59.931814,10.746114,npc,Omsorg
91862300,59.908758,10.726058,npc,Onda / Ling Ling-bygningen
91234761,59.918122,10.587722,npc,Onkel Blaa Café
93483283,59.906874,10.753574,npc,Opera Wall For Blind
90337429,59.906154,10.846854,dungeon,Oppsal Arena
93344403,59.894114,10.842114,npc,Oppsal Samfunnshus
91612867,59.897922,10.849922,special,Oppsalstubben Lekeplass
91250586,59.929398,10.787798,npc,Orange Bear
90448117,59.948099,10.770099,npc,Orange Bo
93045540,59.981083,10.740083,dungeon,Origo of Oslo
92951188,59.915858,10.760758,npc,Ormen under byen
91980748,59.877042,10.762042,dungeon,Ormøy Kirke
90354195,59.930888,10.757788,special,Oscar Braathen Statue
90412330,59.926994,10.711494,dungeon,Oscar Mathisen
90352738,59.910898,10.693898,special,Oscarshall
93500659,59.906010,10.76971,npc,Oslo Bispedømmeråd
90318552,59.912957,10.734657,npc,Oslo city hall
90316974,59.911578,10.734178,npc,Oslo City Hall - Entrance
90162621,59.906387,10.735287,npc,Oslo Cruise Terminal
91855753,59.915255,10.728155,npc,Oslo Ibsen Quotes
90398066,59.917943,10.861943,dungeon,Oslo kommunes Skoger - Haugerud
92208582,59.846042,10.847042,dungeon,Oslo kommunes skoger Brattli gård
92922538,59.901075,10.622075,dungeon,Oslo Lufthavn Gamle Flytaarn
90714897,59.920872,10.760272,npc,Oslo Public Library - Grunerløkka
92878553,59.941891,10.752791,dungeon,Oslo skatehall
90250035,59.925168,10.799668,dungeon,Oslo Tennis Arena
92572623,59.911139,10.729739,npc,Oslo V 1872
93682555,59.903148,10.605148,dungeon,Oslofjord Folkehøyskole
90362542,59.940254,10.607054,dungeon,Østerås Kirke
91058546,59.939034,10.608034,npc,Østerås Stasjon
91054519,59.932190,10.87049,npc,Østmarka Tunnel
90337663,59.889190,10.86569,dungeon,Østmarksetra infoskilt
90338665,59.851177,10.881177,dungeon,Østmarkskapellet
90366395,59.922148,10.819848,dungeon,Østre Aker Kirke
93123090,59.917950,10.79585,npc,Østre bekkedrag lekeplass
93746959,59.895977,10.741977,npc,Østre Hovedøya naturreservat
91059575,59.935122,10.888122,npc,Østre Lindeberg Lekeplass
91197623,59.932057,10.878057,npc,Østre Lindebergskogen Lekeplass
91569426,59.891852,10.524852,npc,Otto Sverdrup
92300236,59.896802,10.613002,npc,outdoor gym
90832411,59.912563,10.729463,npc,Overkropp Hugget i Stein
93604804,59.932044,10.562044,dungeon,Øverland Gård Selskapslokaler
93604799,59.938003,10.560003,dungeon,Øverland turskilt
93211351,59.945847,10.988847,special,Øvre Grønliveien fotballbane
92927021,59.930091,10.658091,dungeon,Øvre Ullern Lekeplass
90353913,59.927006,10.740306,special,P. Chr. Asbjørnsen
90828173,59.915711,10.713311,npc,P. Munthe-Kaas
93746909,59.934096,10.718296,npc,På en grønnmalt benk
90412343,59.908251,10.814951,dungeon,På Hjul
93012866,59.885630,10.53443,dungeon,Padlern
91612216,59.914913,10.733813,special,Påfugl
90366368,59.923663,10.647163,dungeon,Papegøye
91298895,59.928948,10.768748,special,Park Københavngata
91915999,59.906066,10.789166,npc,Parkens edderkoppnett
90366254,59.896029,10.812029,special,Parkgutt/Gutt med sydvest i bronse
93319235,59.956606,10.647606,dungeon,Parsellhagen lekeplass
90354340,59.941712,10.770212,dungeon,Patentstyret
90365854,59.930651,10.793251,dungeon,Peer and Anitra in the Desert
91657645,59.910148,10.728548,npc,Pelle-gruppa minnestatue
90354541,59.931061,10.776661,dungeon,Penguin Sculpture
93058497,59.916790,10.78759,npc,Petersborg lekeplass
93407725,59.863828,10.907828,dungeon,Petersbråten
90426717,59.908201,10.815401,dungeon,Petersens Lin og Bomullsvarefabrikk
92098994,59.882951,10.852951,npc,Pi
90354050,59.908610,10.75081,dungeon,Pier Close to Oslo Opera
90338356,59.937342,10.641342,dungeon,Piggie Statue
91657704,59.928355,10.701555,special,Pike med Øgle
92353955,59.928344,10.717644,npc,Piken med humleranken
90344899,59.919685,10.737885,special,Pilestredet Park
93440770,59.927546,10.817446,dungeon,Pillar at Kuben
93633297,59.977870,10.72387,dungeon,Pina
90354608,59.946156,10.782156,dungeon,Pingvinene
90543862,59.891870,10.51787,dungeon,Pinsekirken Sandvika
90353216,59.916394,10.716594,dungeon,Pipe In The Street
90316987,59.911230,10.73563,dungeon,Piperen i Piperviken
90353018,59.930004,10.709404,dungeon,Pippi og Dinosaur
91878481,59.942567,10.607567,dungeon,Pippijaga
91445217,59.885117,10.535117,npc,Place
93746976,59.894475,10.725375,npc,Plantelivsfredning
93483389,59.913622,10.744122,npc,Play! Pokémon Store
93318667,59.935974,10.998974,npc,Playground Nordbyringen
93721280,59.904096,10.484096,npc,Playground with a view
90889881,59.931030,10.74473,npc,Plinth
93318722,59.932919,11.016919,npc,Plogfaret lekeplass
92098952,59.880860,10.84486,npc,Point At Hill
90364578,59.912120,10.73272,npc,Pokemon Nest
92391972,59.913139,10.759239,npc,Poking Sticks
90354404,59.898094,10.774194,special,Polekspedisjon
90366241,59.915736,10.810936,special,Polyhedrons
91147340,59.904961,10.539961,dungeon,Post 3: Solbergar Gård
93406986,59.869860,10.77286,dungeon,Post i butikk Ulvøya
92945393,59.928266,10.750266,npc,Posten Kiellands hus
93211460,59.937899,11.020899,dungeon,Posten Løvenstad
93809241,59.924574,10.826374,dungeon,Postens Bedrifts- Og Frimerketjeneste
93242725,59.906196,10.791296,npc,Postvogna lekeplass
91403444,59.935390,10.47789,dungeon,Prekestolen
90359953,59.956818,10.877818,npc,Prestegård
93523012,59.895865,10.541865,dungeon,Presteveien
91279418,59.894104,10.540104,npc,Presteveiens Opprinnelige Utgangspunkt 1876
90332633,59.925309,10.485709,dungeon,Primavera
90399116,59.949078,10.595078,dungeon,Pro Patria
90353690,59.919590,10.72729,special,Public Toilet
91657641,59.909359,10.721359,dungeon,Pushwagnerskuret
93834441,59.919875,10.752075,npc,Pussel Gubbar
91687406,59.907611,10.760411,dungeon,Pyramidene
90634157,59.890870,10.51987,npc,Quadro Ferro
90338007,59.896535,10.725135,dungeon,Quarry Diabas
91655483,59.878164,10.805164,npc,Radarveien Lekeplass
90352930,59.919082,10.702482,dungeon,Radionette
91182333,59.918732,10.515932,dungeon,Radiotower At Kolsåstoppen
90366413,59.929010,10.66001,npc,Radiumhospitalet Bussholdeplass
93604809,59.951169,10.562169,dungeon,Rådyr
90425972,59.930925,10.661425,npc,Red Arrow
91735087,59.906991,10.746791,npc,Red Straws
93564445,59.931099,10.944099,dungeon,Reierhull
90412373,59.975081,10.928081,dungeon,Reindeer Statue
91984383,59.939385,10.676985,dungeon,Reinsdyrstatue
92559692,59.917130,10.71743,npc,Rektor Skattum
91219920,59.912502,10.712102,npc,Relic From The Past
90352707,59.905515,10.689815,dungeon,Rescue Tower
90391507,59.918248,10.706248,dungeon,Rica
93194190,59.980925,11.049925,npc,Riis Lekeplass
93075918,59.961961,10.700961,dungeon,Riis Skjerp
92391180,59.917822,10.736122,dungeon,Rikard Nordraaks hjem
91009442,59.928490,10.58779,dungeon,Rikets Sal
90525946,59.928793,10.760693,npc,Ringen Kino
90525937,59.930312,10.760312,npc,Ringnes Bike
91009458,59.916090,10.59519,special,Ringstabekk - 《Slottet》
92412812,59.920204,10.604704,dungeon,Ringstabekk Stasjon
92772523,59.900202,10.622102,dungeon,River Fornebu
93526067,59.913375,10.758475,dungeon,Riverside ungdomshus
91983813,59.946002,10.645502,dungeon,Røa ballbinge
90337463,59.945969,10.643969,dungeon,Røa Bibliotek
92872047,59.941742,10.635942,dungeon,Røa IL utegym innerste klynge
90337460,59.949404,10.643304,dungeon,Røa kirke
90366039,59.898138,10.798138,dungeon,Rød Bauta
90295386,59.925552,10.774552,npc,Rodeløkka Postkontor
90416977,59.930494,10.772494,npc,Rodeløkkens Kolonihager
91751935,59.893156,10.777256,special,Rolf Hofmos Memorial
92682766,59.891104,10.627804,npc,Rolfsbukta lekeplass
92682740,59.892116,10.630116,npc,Rolfsbuktafossen
91812488,59.911506,10.751306,npc,Rom for kunst
91451515,59.964068,10.893068,dungeon,Romsås Deichmanske Biblotek
90342942,59.971161,10.902161,dungeon,Romsås Idrettshall
93343968,59.927000,10.644,dungeon,Rooster and Geese
90399143,59.907958,10.603958,special,Roseportal
93609924,59.924057,10.931057,dungeon,Røykås Velhus
90398702,59.905843,10.679443,dungeon,Røykovnstue - Årheim (1700)
91671798,59.854135,10.663135,npc,Rundturer i Nesoddmarka v/Lyngveien
90398765,59.919101,10.665401,dungeon,Rusken
92419883,59.874182,10.838182,special,Rustad Stadion
93419598,59.871146,10.851146,dungeon,Rustasaga Friområde
91273194,59.929209,10.478509,dungeon,Rykkinn skatepark
91387366,59.938161,10.904161,dungeon,S. S. Fjeldvett
90399314,59.903689,10.764789,special,Sa
90352689,59.916795,10.685795,special,Sæterhytten
92016033,59.943146,10.762146,npc,Sagene IF
92878550,59.937655,10.752755,dungeon,Sagene kirke
93604796,59.940992,10.561992,dungeon,Saghytta
90824538,59.928718,10.761918,npc,Salemkirken
93225225,59.931125,10.961125,special,Samhold
90410482,59.938724,10.768824,npc,Sandaker Senter
93437729,59.930112,11.030112,npc,Sandbekkstua
93526176,59.939854,10.751054,npc,Sandefjordgata lekeplass
93243055,59.908959,10.796359,npc,Sandvolley Etterstadparken
93406990,59.881021,10.766021,dungeon,Sandvolleyball bane
92383756,59.895698,10.612498,npc,Sandvolleyballbane
93318703,59.937906,10.988906,special,Sandvollyballbanen i Lørdagsrud
91158110,59.838177,10.677177,dungeon,Sareptas krukke
93417456,59.942000,10.661,dungeon,Satyr Sculpture
90353826,59.907318,10.735218,dungeon,Scandinavian Star Memorial
91218748,59.920062,10.635662,npc,Schlägergården
90354228,59.919582,10.761882,dungeon,Schou's Clock
91228184,59.952142,10.835042,dungeon,Secret cave
90366007,59.863122,10.796122,dungeon,Selvaag Geit
90559414,59.857088,10.435088,dungeon,Sem Nature Reserve
90223349,59.911109,10.721709,npc,Serbian Embassy I Oslo
93225178,59.944010,10.95501,dungeon,Sheikenveien lekeplass
90265270,59.917893,10.755393,npc,Shiny Statue
92376454,59.890930,10.61573,npc,Sign - Koksabukta
90970843,59.919282,10.585282,npc,Signaturgården Lekeplass
92725474,59.913297,10.638397,dungeon,Signs
90353730,59.927820,10.72942,special,Sigrid Undset Statue
90872225,59.920151,10.746751,npc,Sigurd Dickman
90889843,59.934302,10.746402,npc,Sigurd Nome
93612257,59.926836,10.944836,dungeon,Silverback Gorilla
93724107,59.931655,10.787555,dungeon,Sinsen kirke
90354633,59.936322,10.784022,dungeon,Sinsen kulturhus
90354585,59.937258,10.781758,dungeon,Sinsen T-Bane
90448098,59.933581,10.785981,npc,SinsenJordet Bauta
90832403,59.909924,10.724724,npc,Sittende dame
90352832,59.903109,10.701209,special,Sjøblomst
93526268,59.888888,10.873288,dungeon,Skader på skog
91243379,59.913117,10.595417,npc,Skallum Lekeplass
90398591,59.934443,10.911943,special,Skansesteinen
91219922,59.912790,10.71249,npc,Skanska
93296546,59.923953,10.959953,npc,Skåreråsen lekeplass
90354654,59.909294,10.784594,special,Skate Enga
90559413,59.859169,10.441169,dungeon,Skaugumsåsen Naturreservat
90366353,59.920891,10.634891,dungeon,Skihistorikeren
90353861,59.919433,10.738733,dungeon,Skilpadde
93161818,59.973896,10.999896,dungeon,Skjetten fritidssenter
92643585,59.966826,10.999826,dungeon,Skjetten Post i butikk
91177565,59.963901,10.506901,dungeon,Skogeier Løvenskiold-Vækerø Infoskilt
91279347,59.911495,10.587895,npc,Skogveien lekeplass
91199603,59.920875,10.856875,special,Skolepikene
91027129,59.908700,10.6061,npc,Skomakeren på Stabekk
90945135,59.909091,10.608091,dungeon,Skomakerhuset
91215738,59.925073,10.548073,npc,Skotta Naturreservat
90391580,59.922486,10.678986,dungeon,Skøyen Stasjon
90366908,59.899166,10.837166,dungeon,Skøyenåsen T-Bane
92361262,59.925140,10.68104,dungeon,Skrikende Gås
93837767,59.927164,10.445164,npc,Skuisletta kunstgressbane
91936521,59.861927,10.837927,npc,Skullerud Gårdskvern
90368296,59.863961,10.846961,dungeon,Skullerud Idrettsanlegg
93756430,59.866883,10.839883,dungeon,Skullerud T-bane stasjon
93040066,59.960896,10.581896,dungeon,Skytterkollen Restaurant
92353352,59.924810,10.80061,npc,Slamming The Ball
90157236,59.888950,10.59965,npc,Slåtteeng
93597573,59.916741,10.768341,npc,Slåttemark
90397818,59.878995,10.845995,special,Sledge Down Hill
91611606,59.874000,10.503,dungeon,Slependen Postkontor
90540304,59.884956,10.502956,dungeon,Slependen Railway Station
90352620,59.922422,10.680122,dungeon,Slim Lady Not Afraid Cold
90164294,59.946010,10.99701,special,Slora Skatepark
92432087,59.919488,10.727688,npc,Slottsparken Infoskilt
90348028,59.937398,10.821698,special,Small Child
90358076,59.900882,10.633482,npc,Smedtangen
90352677,59.937202,10.683502,dungeon,Smestad Metro Station
93724111,59.935366,10.680666,dungeon,Smestaddammen Infoskilf
93674972,59.934622,10.683022,dungeon,Smestadhjemmet Veggkunst
90353443,59.906633,10.720833,dungeon,Smiley Sculpture
91855780,59.916821,10.722621,npc,Snake Dancer
91865963,59.910181,10.728981,npc,Snakkende Informasjonskart
92725491,59.887023,10.620023,dungeon,Snarøen Curlinghall
90384683,59.880940,10.61094,dungeon,Snarøya Kirke
92178164,59.887847,10.619847,npc,Snarøya Sportsklubb
93676707,59.886987,10.619987,dungeon,Snarøya Tennisklubb
90560697,59.865166,10.518166,dungeon,Snøplogen Info Sign
92566031,59.928721,10.797621,npc,Snurrings
90712891,59.922491,10.766291,npc,Sofienberg Kirke
90714617,59.924260,10.76146,npc,Sofienbergparken
90332148,59.923779,10.762279,npc,Sofienbergparken Edderkopp
90941641,59.922938,10.765338,special,Sofienbergparken lekeborg
93834446,59.920622,10.753022,npc,Sofles
90425992,59.921151,10.643151,dungeon,Sollerud Tram Station
90961040,59.913965,10.718865,npc,Solli Bowling
91250631,59.931185,10.793185,npc,Solveig Ved Nybyggerhytten
90338385,59.865018,10.752018,dungeon,Solvik Camping Info
92296828,59.934134,10.673534,dungeon,Some Assembly Required - Living Room 2016
91346915,59.936138,10.906138,dungeon,Søndre Fjellstad Klatretårn
91197618,59.932259,10.877459,npc,Søndre Lindeberg Lekeplass
90353061,59.926248,10.710448,dungeon,Sonja Henie (1912 - 1969) Thre
92557269,59.919946,10.703746,npc,Sonja Henies hjem
93175892,59.927036,10.776636,npc,Sophies Mindes skole 1927
92587767,59.932668,10.730668,dungeon,Sophus Bugges plass
91687375,59.904090,10.75609,dungeon,Sørenga Post i Butikk
91687381,59.903327,10.754027,dungeon,Sørenga Sjøbad
90354283,59.936030,10.76563,dungeon,Soria Moria
92709594,59.964021,11.071021,special,Sørum Fritidsgård
90295357,59.927090,10.77389,dungeon,Søstre
91219928,59.913161,10.712261,npc,Spear of 1898
90337476,59.898060,10.84806,dungeon,Spillende Tiur I Bronse
90354732,59.919194,10.788594,special,Spir
91353566,59.931997,10.918997,npc,Sprangbanen
90571192,59.939068,10.887068,dungeon,Ss Bølgeskrekk
92666298,59.960159,11.056159,dungeon,St. Magnus Katolske Kirke
92342139,59.917208,10.602408,npc,Stabækbanen
91580367,59.918852,10.582852,npc,Stabburet på Presterud gård
93188465,59.948140,11.01614,dungeon,Stalsberg minifotballbane
93319452,59.945179,11.022179,dungeon,Stalsberghagen kapell
90366386,59.929046,10.818446,dungeon,Statua Quality
90353683,59.916269,10.727369,special,Statue of Queen Maud
92870429,59.974893,10.880893,dungeon,Steinbruvann turskilt
90352980,59.939174,10.704474,dungeon,Steinerud
90353248,59.934146,10.718446,dungeon,Steinrøysa Neri Bakken
90865936,59.912326,10.803926,npc,Steinskulptur
90353790,59.930791,10.73175,dungeon,Stensparken fontene
90353854,59.907337,10.737237,dungeon,Stickman
93049271,59.882104,11.003104,dungeon,Stimarkør Losby/Lille Losbyrunden/Røyrivan
93332020,59.847068,10.847068,dungeon,Stimarkør løypekrysset Passoppveien/Brennagrenda
93568397,59.848120,10.89312,dungeon,Stimarkør Sandbakken - Langvann
93431873,59.844062,10.917062,dungeon,Stimarkør Svartdalen
93417950,59.902367,10.800567,npc,Stimarkør Svartdalsparken
93419597,59.850899,10.870899,dungeon,Stimarkører i Østmarka
91868973,59.928079,10.883079,npc,Stistart mot Haukåsen
93296549,59.923107,10.964107,dungeon,Stjerna
93242737,59.908491,10.788891,npc,Stoicism in a pandemic
90398616,59.948940,10.92094,special,Stone Art At Pond
90704334,59.931476,10.721976,dungeon,Stone Cat
90352821,59.903698,10.699798,special,Stone Man
90463125,59.925078,10.752578,npc,Stone Monument
90873329,59.930998,10.734898,npc,Stone Pillars
90345196,59.924168,10.783368,dungeon,Stonehenge Keyserløkka
90432071,59.931901,10.857901,dungeon,Stonetablet 3 Ladies
91255782,59.932473,10.857373,dungeon,Stonetablet Ladies and Child
90366323,59.918938,10.635938,dungeon,Stor Benk
92694736,59.894008,10.736008,dungeon,Store krutthus På Hovedøya
90354421,59.946686,10.775386,dungeon,Storo Rink
91694978,59.944974,10.774974,dungeon,Storo Treningspark
92300121,59.892294,10.603194,dungeon,Storøya Infoskilt
92300168,59.890096,10.602196,npc,Storøytoppstopp
92391079,59.914734,10.698134,dungeon,"Stort Anker fra barken ""Judith"""
91165251,59.919606,10.581506,npc,Straffebanen
90412454,59.979070,10.73107,dungeon,Stranden
93188501,59.953094,11.015094,special,Strømmen Kirke
90416969,59.925565,10.779865,npc,Supernova
90345882,59.904006,10.794306,npc,Svartdalen
93419607,59.906953,10.865953,dungeon,Svartor
90354158,59.959984,10.753984,dungeon,Svenskemuren
90366403,59.934026,10.820726,special,Sverre Refstads Minne
91058535,59.939738,10.605538,npc,Swan
90354215,59.908325,10.759325,dungeon,Sykkelgaten
93417444,59.954770,10.68767,dungeon,TA VARE PÅ FUGLENE
90358184,59.895592,10.632292,npc,Tabula Art
90308725,59.953120,10.71712,npc,Taggen
93384309,59.923213,10.735913,npc,Taggevegg på Sofies Plass
91855785,59.914696,10.716196,npc,Tallisman Wall Carving
92780661,59.969010,11.00001,dungeon,Tårnbyveien lekeplass
92956982,59.915112,10.822612,npc,Teisen klatre- og lekepark
91752638,59.913336,10.818936,special,Teisen Park Playground
93086090,59.923710,10.73161,dungeon,Teknologihuset
91398593,59.907020,10.78542,npc,Telefonkiosken på Vålerenga
93318706,59.930104,10.996104,dungeon,Tenkebenk
93214145,59.911938,10.975938,dungeon,Tenkende Gutt
92717226,59.968821,10.628821,npc,Tennisspill på Gamlestueodden 1923
91398589,59.902657,10.789457,dungeon,Terassen lekeplass
91032298,59.933117,10.471117,dungeon,Teskjekjerringa
90462807,59.927588,10.748888,npc,Thai Art
91267755,59.931619,10.791819,special,The Abduction
90412552,59.972104,10.927104,dungeon,The Acrobats
93483314,59.906610,10.73841,npc,The Akershus Fortress
93705993,59.959886,10.917886,dungeon,The Boy and the Horse
92432117,59.919233,10.721733,npc,The Embassy of Brundis
90354104,59.928193,10.752193,dungeon,The Gang
90889841,59.935603,10.747403,npc,The Goat and Jason Mraz
90366367,59.910703,10.816703,dungeon,The Heelstone at Brynshenge
92432066,59.919609,10.724709,npc,The Korean Embassy
93417868,59.909197,10.726097,npc,The Landing
90398749,59.918265,10.666965,special,The Map Bench
90828168,59.916831,10.710331,npc,The Mask Structure
90352683,59.905073,10.684173,dungeon,The Oseberg Viking Ship
90962505,59.915802,10.788502,npc,The Playground
90358030,59.899657,10.628957,npc,The Ring og Fountains
93792908,59.912699,10.742499,npc,The Scotsman
91116119,59.907898,10.803998,dungeon,The Stone Dog
90354366,59.913636,10.772136,dungeon,The Treasure Hunter by INTI
90354185,59.908546,10.756846,dungeon,The Tube in the Middle
92460667,59.897987,10.681987,npc,Theodor Julius Løvstad
90848904,59.908845,10.779545,npc,Thorbjørn Egner 1912-90
90872246,59.921436,10.744436,npc,Thorvald Lammer
90962492,59.919179,10.789679,npc,Tiedemannsbyen
90352695,59.906701,10.686201,dungeon,Tiger Benzin Wall Mural
90344718,59.911134,10.750334,dungeon,Tigeren
90712904,59.923683,10.768583,npc,Til Alle Barna I Nabolaget
92460659,59.903525,10.700125,npc,Til Minne Om Våre Sjømenn
91865980,59.910753,10.720953,npc,Tilted Head
90501659,59.923421,10.755621,npc,Tim Wendelboe
93295558,59.915072,10.743672,dungeon,Tinius
91219947,59.911260,10.71116,npc,Tinkern Broken Bauta
92979827,59.865951,11.064951,dungeon,Tjuvstuåsen
91637573,59.906614,10.719214,npc,To Kurver
90344713,59.911006,10.753206,dungeon,Togtider Oslo Sentralstasjon
91054517,59.931055,10.871055,npc,Tømmerslangen
92353336,59.920978,10.779078,npc,Tømrerplatået
92844827,59.962179,10.978179,dungeon,Tømteveien stimarkør
91591939,59.942088,10.799088,special,Tonsenjordet lekeplass
93798357,59.910760,10.91906,dungeon,Toresplassen - Mariholtet
90410460,59.933398,10.774998,npc,Tors Bukker 2017
90354316,59.932730,10.76813,dungeon,Torshov - Trikkestallen
93834466,59.936198,10.764798,npc,Torshov grafitti wall
90525889,59.933926,10.761326,npc,Torshov Postkontor
90410512,59.937137,10.765237,npc,Torshov Tower
90410531,59.934474,10.762174,npc,Torshov Wooden Building
91233399,59.932654,10.711554,dungeon,Tørteberg Kunstgressbane
91199507,59.922821,10.864821,special,Tosidet Tallerken
90353666,59.922122,10.726822,dungeon,Towards the Light
91219909,59.912296,10.711396,npc,Tower Of Small Hands
92351804,59.916726,10.781326,npc,Tøyen transformatorstasjon 1915
90398594,59.949849,10.915849,dungeon,Tractor Beam
90366333,59.965891,10.813891,dungeon,Trær Plantet for Fred
92407333,59.912655,10.719455,npc,Trafotaket Fotballbane
90338740,59.906986,10.801686,dungeon,Travel Kone
92302093,59.912922,10.641922,npc,Tre fisker
91123603,59.926932,10.591932,special,Tree House
93732415,59.909417,10.747917,npc,Treschowgården
90425752,59.949078,10.716078,npc,Treskulptur
91657702,59.924259,10.701459,special,Triangel
90354308,59.932927,10.767927,special,Trikkestallen Fountain
91918471,59.853172,10.457172,npc,Troll i dam
91250600,59.929330,10.79133,npc,Tromme På Veggen
93319246,59.930101,10.621101,dungeon,Trøstheim
92982152,59.953410,10.88631,dungeon,Trygve Lies barndomshjem
90962552,59.926830,10.74243,npc,Tufteparken
90455199,59.914742,10.751142,npc,Tukthusmuren
90338644,59.912217,10.760217,dungeon,TullBall
90398799,59.915044,10.653044,dungeon,Turbinhjul Såheim
93364667,59.944062,10.456062,npc,Turkryss
93417937,59.906593,10.802893,npc,Tursti
90354439,59.937244,10.775644,special,Turtle Park
93521605,59.968104,10.869104,special,Turvei D9 ved Ammerudveien
92412779,59.922232,10.611532,npc,Turvei Jarmyra
93568257,59.917029,10.842029,npc,Tveitaparken
90366793,59.912654,10.826254,dungeon,Ugle på veggen
91106390,59.925799,10.682699,dungeon,Ulende Hund
93419616,59.927705,10.631505,special,Ullern Flerbrukshall
91279321,59.926865,10.633265,npc,Ullern Fotball Klubbhus
92841759,59.925849,10.653849,npc,Ullern Kirke
93473403,59.923675,10.641475,dungeon,Ullern park lekeplass
90353794,59.946893,10.731893,dungeon,Ullevål Stadion Station
90338378,59.866948,10.770948,special,Ulvejenta
91047267,59.918466,10.816666,npc,Ulvenkrysset
90354835,59.914194,10.797994,dungeon,Unanimiter et Constanter
92549205,59.926312,10.698712,special,Ung gutt og pike lener seg mot hverandre over en brønn (1939)
90383363,59.954938,10.664938,dungeon,Ung Kvinne
91175564,59.907968,10.827468,special,Ung Mand Der Planter Et Træ
91199467,59.925899,10.869899,dungeon,Unicorn Brick
90410553,59.943382,10.773482,npc,United Pentecostal Church
92655259,59.974896,11.044896,npc,Universitas Osloensis MDCCCXI
92951180,59.910288,10.760288,npc,Utdanningsdirektoratet
90232947,59.932411,10.752811,npc,Utegym I Iladalen
90382668,59.956927,10.809927,dungeon,Uteliggerhytta
92302064,59.919901,10.633601,npc,Utendørsgym Lilleaker Vest
90416973,59.927613,10.775513,npc,V. Bülow-Hansen
92371861,59.896847,10.830847,dungeon,Vadedammen Infosign
92070439,59.915164,10.655164,npc,Vækerø Bell Tower
90426022,59.912878,10.650878,npc,Vækerøparken
92070483,59.917207,10.658307,npc,Vækerøstuene
90353600,59.922185,10.721985,special,Vær Tro Mot H7
90292614,59.906884,10.788484,special,Vålerenga Kirke
90841281,59.910688,10.789788,npc,Vålerenga Kultursenter
90354739,59.909468,10.789368,dungeon,Vålerenga Vertshus
93307237,59.947088,10.899088,dungeon,Valhall fotballbane
90962541,59.928268,10.739168,npc,Vallegate 48
93609919,59.914018,10.938018,dungeon,Vallerud Aktivitetspark
90366180,59.919898,10.806398,dungeon,Vallhall Arena
91726237,59.942107,10.854607,special,Vandrer'n
93575485,59.892966,10.871966,dungeon,Vanlig hestekastanje
91752618,59.887836,10.794236,dungeon,Vannbassenget i Brannfjell
91182304,59.883995,10.478995,special,Vannpost
93715541,59.910568,10.810768,npc,Vannsoppen
93242747,59.910993,10.785793,npc,Vannspeil Jordal idrettspark
90872248,59.921046,10.742446,npc,Vår Frelsers Gravlund
90338344,59.888172,10.718172,dungeon,Varden
91158093,59.840852,10.648852,npc,Varden leir
92779212,59.967010,10.80501,dungeon,varden på Lachmannsfjell
93437741,59.935021,11.031021,dungeon,Varmehytta På Løvenstad
91627383,59.903893,10.627593,npc,Vase With Inscription
90157235,59.887177,10.597177,npc,Våtmarkene Infoskilt
91216117,59.903880,10.50188,npc,Vebekkveien lekeplass
90354469,59.909331,10.776331,dungeon,Veggmosaikk
92305640,59.939039,10.487039,dungeon,Veiviser Eineåsen konkurranseløyper
91761792,59.919339,10.807639,npc,Veiviser for Pilegrimsleden ved Hovinbyen
92770028,59.962966,10.965966,dungeon,Veiviser Lukedammen
90448114,59.948049,10.770049,npc,Vekst statue
92426753,59.905246,10.630246,npc,Velkommen Til Lagåsen
90354760,59.935209,10.792109,dungeon,Velkommen til Refstad
91632287,59.902510,10.75651,dungeon,Velkommen til Sørenga Sjøbad
93523035,59.905912,10.558912,dungeon,Velkommen til vassdragsleden Øverlandselva
93746965,59.894067,10.727067,npc,Velkomnen til Hovedøya
90543895,59.853159,10.492159,dungeon,Vendepunkt
91216046,59.978865,10.483865,dungeon,Vensåsbakken
90398752,59.901922,10.666722,dungeon,Venskabs Minde
90352207,59.887906,10.562906,dungeon,Veritas Skulptur
91279359,59.887852,10.564852,npc,Veritasankeret
92557395,59.918327,10.692527,npc,Veslemøy
90353718,59.936754,10.728954,dungeon,Vestre Aker Kirke
92559288,59.924924,10.730724,dungeon,Vestre frikirke
92752497,59.931526,10.696826,dungeon,Vestre Gravlund Kapell
92096836,59.950031,10.671031,special,Vestre Holmen streetbasketbane
91171630,59.949706,10.671106,dungeon,Vestre Holmen Vel Lekeplass
90962526,59.931334,10.736834,npc,Veterinærinstituttet 1914 / Administrasjonsbygningen
92572625,59.909570,10.73257,npc,Viewing glass skatepark
92426764,59.905455,10.640155,npc,Viewplay
91855741,59.913675,10.731275,npc,Vika Postkontor
93597570,59.917835,10.769535,npc,Vikingsau
92698032,59.960078,11.082078,special,Vikingskipet
92432121,59.918270,10.72367,npc,Villa Parafina
91438474,59.910444,10.718544,npc,Villa Philipstad
92199460,59.943161,10.704161,dungeon,Vinderentorvet
91637543,59.908064,10.720364,dungeon,Vit Plats
92367503,59.929810,10.71281,npc,VM-paviljongen 2011
90354170,59.934766,10.754866,special,Vøienvolden Inngang
90174670,59.955370,10.65477,dungeon,Voksen Fleridrettshall
92523555,59.979862,10.664862,dungeon,Voksenkollen stasjon
90366850,59.935847,10.831847,dungeon,Vollebekk T-bane
91032401,59.910013,10.486013,dungeon,Vøyen Old Mill
93718439,59.905925,10.477925,npc,Vøyenenga Basketbane
93721278,59.911166,10.478166,npc,Vøyenenga flommerke 1987
92351542,59.924727,10.797627,npc,Waiting for the serve ball
92559295,59.924509,10.731009,npc,Wall Art
90463076,59.922849,10.751849,npc,Wall Tiger
92559695,59.917756,10.720056,npc,Watchmen
92432129,59.920961,10.720761,npc,Welhaven
91250591,59.930660,10.78846,npc,Wergeland på Veslebrunen - 1969
93479192,59.908363,10.715363,npc,Wood Stamps
91272969,59.912860,10.59586,npc,Wooden Spider
90985692,59.923995,10.600995,special,Wooden Tunnel Car
91855726,59.914010,10.72481,npc,World directions
93743258,59.908182,10.475182,npc,Wøyenengen's Landhandleri
90372808,59.910305,10.733105,npc,Zebra